Username,Account_Password,User_Type
dhussy0,PoZgBzBBsN1F,College Administrator
dwraxall1,bXDUk2Tvvl,College Administrator
creyson2,X7McXn,College Administrator
abourtoumieux3,NF1dpiw,College Administrator
lghilardini4,G4wP1lC6,College Administrator
ativnan5,Kg1Ab8dD,College Administrator
tchittock6,QmVn5Wa,College Administrator
swilloughby7,wHce6TBqPW,College Administrator
arisebarer8,bu9PApqsy22,College Administrator
rkerrane9,otM2rj,College Administrator
bbrinkmana,7g3WMTY,College Administrator
wbrewertonb,Bnsm7SY,College Administrator
gstorchc,kcIU9rNVmZS,College Administrator
mdigbyd,LGFO3sn0I9Hk,College Administrator
fferrilloe,WZQ6ct,College Administrator
pstegellf,SOUTShlMfk,College Administrator
azywickig,qcW1kH,College Administrator
akerslakeh,RZsCZrx,College Administrator
ghalbordi,So9FqHM,College Administrator
dhaslewoodj,61Sf69op7A,College Administrator
apadberry0,SGdFzDEal,Coach
ptrimming1,H13d8znmim,Coach
fpicknett2,Zql4wGWc,Coach
jpheazey3,cL8VE2H,Coach
pshapera4,O8aK7c,Coach
kmarquiss5,kj0v9ymIa,Coach
vdamsell6,XE44rl5Nl,Coach
dsaturley7,s80XZjJmNNE,Coach
sginity8,xSzGKMmylGrT,Coach
fpounds9,JBgFFSDDn,Coach
wbackshilla,LL6oBNt,Coach
tmaleneyb,ICWuMpP,Coach
isowrahc,LCDcamuM,Coach
lgerberd,HYVG9P,Coach
okinzele,Q2B2GXUn,Coach
nbernierf,zbx0pe,Coach
cblitzg,dApd61OVMJx,Coach
sbahikeh,CGYbyszrH,Coach
bbevensi,RpYTZSytiJ1,Coach
lsherringtonj,1IAXVcqxXfz,Coach
msolowayk,2qk2Nspc,Coach
rdungeyl,KJOx15uq9QSR,Coach
egowansm,rBrI9S8Pu,Coach
jstroudn,JPq1e0,Coach
gcampanyo,zfBkBYbwfzb,Coach
libarrap,z5md3cIIV1R0,Coach
swicksteadq,d30ON32XX2YY,Coach
kharringtonr,U5ba4fhD,Coach
tsanchess,bFJZizrZi3,Coach
gcambert,11ibetjVX,Coach
vsaunderu,uB1l52xa8,Coach
narmatagev,N6ezJZm37Llw,Coach
socanavanw,8jq4kqAf4Rp,Coach
sargravex,DwYJTh3GNa,Coach
plidgardy,78jrjA1,Coach
ehoolaghanz,X6a588,Coach
dlyptratt10,1Q76qP7,Coach
avaughanhughes11,QsduKFMcH,Coach
gvandecastele12,wW59ReU8p2,Coach
udenge13,K5KmwavpTMP,Coach
rbacup14,MuQWGHd3yxs,Coach
vbolsover15,Quf3aJ3I,Coach
zknowlys16,WCOxWm1z72bC,Coach
fdearlove17,4oZQbB,Coach
dtharme18,KrPym2B5eRS,Coach
ttrevon19,cVOQOGB,Coach
gcarnduff1a,LWg3hNEKy8B,Coach
jedridge1b,IL8lwuurPFk,Coach
jcato1c,MV4H03DK,Coach
mhassey1d,Nz9NTml7,Coach
lpallatina0,JMGkZPvYt1Ua,Referee
jrushton1,XYb0enYwcumR,Referee
vangove2,t95lKv,Referee
eodom3,CefyXF6mq,Referee
djakubczyk4,Ti3mGd,Referee
asandy5,juiGdHLuMG,Referee
lsturgeon6,Eb2w1Iv9mWp,Referee
cpenwell7,jx0ONgT,Referee
sbiddle8,KGVRKiFVlD,Referee
fdobie9,4A2Z8Bm1R,Referee
cortaa,OHqRSg,Referee
amcneighb,DKIGKVkRlp,Referee
goluwatoyinc,T2p5Snfn,Referee
fdarbishired,gl1yuVLlpjA,Referee
dmokese,tf59bHPuANZC,Referee
mtomczykowskif,LLUfVEL,Referee
cdunsireg,Y9oXsfW,Referee
ckubuh,8Op0ayB,Referee
aevemyi,OSNC8uW4K,Referee
fmeritj,GfFTHYTm,Referee
eowbridgek,NfBG3jO7,Referee
crawlingl,o0bSmJgy,Referee
aortlerm,hXpacdvsLYW1,Referee
gbunyardn,KCBBtlMAp9,Referee
pivanichevo,LyLrbWoC,Referee
gconleyp,VZKmoYj5hyB,Referee
wkuhnhardtq,J9vd1B7E8nh,Referee
hpollakr,1XRNclAQ2h,Referee
msantrys,0MznVQ78wOfU,Referee
nriddt,BjnjRuuggkh,Referee
dyakushkevu,Buo7Kri4QG,Referee
hwaggittv,tm5tEApDkAb,Referee
thanrahanw,h27N5vdBPkP,Referee
kgreddenx,Wkq2Ps,Referee
tludewigy,L2azNq,Referee
ewoanz,a4tYUqXGf0,Referee
scuseck10,suPjoT4FDi2,Referee
mkimmings11,pOV5HIhV,Referee
mfotherby12,BPNFSRnt,Referee
cizat13,Fx4q9f,Referee
vabramowitz14,iuNOV4sBFVWL,Referee
tshuttlewood15,DZtCWO,Referee
lciccetti16,tEHBYKMy6,Referee
rfarren17,6qYzZasU,Referee
mkilmary18,6zhfDc,Referee
ifeatherstone19,7ZasM3,Referee
jdobkin1a,hTXiN3,Referee
mlist1b,RkuEQ5GhBLkp,Referee
rmansion1c,Nu7Gzi761,Referee
igeddis1d,TAbvct,Referee
apesik0,wOKvwyuLE,Vendor
fosiaghail1,6BwmqF2kD,Vendor
ewindross2,s7Xwu94OvI,Vendor
gsapsford3,oNkZ56QLE2NR,Vendor
wswyre4,XuqNnFcazZE,Vendor
awadham5,vsAPMBySs3s6,Vendor
khurnell6,4IBT8WH,Vendor
dcuttings7,ievjo5lDjSI,Vendor
tsinkinson8,f55BoTILTJI,Vendor
bsoames9,7zwwCUUX8Fx,Vendor
lcromwella,ddlSyy0mOp,Vendor
gdelouchb,O71hdX,Vendor
kivanyushkinc,mSf0CM,Vendor
btillsd,91tetQS0GHos,Vendor
crobense,YwoQWVzV,Vendor
ohappsf,P0YX1mD2FQG,Vendor
wstowersg,SUEqaZUlq,Vendor
jbloodh,PGS7wID,Vendor
geasumi,zPK2PC9mKb,Vendor
ltuffj,O0ooVw,Vendor
pstallan0,6ucvwhtc5r,User
fcawthery1,MNXqYcWZ0,User
aorrock2,QhoctPCH9Vkg,User
cmates3,ORzftF6mwI,User
zjacmard4,CaB2Lc0UT,User
apleven5,H9X0O7kkK3FQ,User
measterfield6,QGACCp,User
bgrealish7,jXLpjjYF7gC,User
cfideler8,Ao0inPT7RLB,User
druperti9,RaUEywEr8h,User
cdrummonda,DgUmPhd,User
wpalkb,FpG5NF7xeGnF,User
lmatitiahoc,Qo2ZlA,User
speeled,SbjJ1utqmAR,User
jboolsene,JiufzU3Txq,User
mburchillf,xrwN57rGT,User
wblackwayg,yAVX0d9jMGZ,User
smaragesh,dEyPdo3yfoe,User
fdraxfordi,gwp9qAJ,User
vstudeartj,yoYd0CKQ0,User
fisaacsonk,N56VMV8E,User
emckeurtonl,vY9gzMD,User
nwicksonm,6ZoWvjoJ5u,User
ldeningtonn,HLCJWdnNe,User
flyso,S23Qbbj5,User
ebannisterp,luWz9gRSB,User
ilearmonthq,mpsHd1e3K3ae,User
gdemitrisr,nvx4iVuT8oUg,User
rwilkisons,iSxIPvR,User
jmontfortt,fainuz,User
edevigneu,tc75MMrmry50,User
ajeggov,acgmK1stlN,User
lbenardettew,2D6YQvN6,User
cpeagramx,9weTUU9II,User
jdeknevety,ljy1qF,User
cpierroz,WxPI58D2CrPJ,User
ephilipsohn10,M2W9AFQvf,User
sconman11,oeQznXQBw,User
ajakubiak12,6VZvmNESN,User
dharragin13,kEnofXI9H,User
jwardrop14,LsJNaOmgbq,User
anewlyn15,xVl6A0m,User
ebenting16,kdxRBeic,User
wbartrum17,zOWQo4,User
dvalentelli18,m033MofV3Y,User
ecrease19,wPmeWpmrIEHr,User
madnett1a,tFHxwRQm14Z,User
rfarland1b,rXP3Xfgpt6g8,User
thedgecock1c,PWcymQZwzKm,User
moakinfold1d,nc6hnwOVk,User
vcassidy1e,5RuU7OS9rK,User
agrimwad1f,b7x0D7JUIOe5,User
civancevic1g,01YLuzy,User
aqueyos1h,DR42b2,User
alebang1i,dDsCytA,User
bhartil1j,QLhUY7O8,User
lvivers1k,MEODOQxDMa1,User
ddavydkov1l,sZsjBtWlitLu,User
hmattimoe1m,CSRqjHXF,User
dtrevascus1n,uhvJ6PkmN,User
cbloxsome1o,F0dhiGR9w,User
dleipelt1p,2ylhs1MZV,User
tprendeville1q,fd1J0koI4,User
jmandres1r,xd0Qb7q,User
smatusson1s,mQEZctB9GR,User
ebrisseau1t,bWOmeM9dy,User
smckeney1u,nyO4Zn2sZ3,User
bmyderscough1v,xCHPVEV,User
hdellenbrok1w,UagXnK5OBB,User
mghidoni1x,IS3G0ECiDWKh,User
dvandrill1y,cNDZm86ajg,User
jcomar1z,i48P8xw,User
samar20,KmwCmw,User
jdenys21,zBEixy7PSH0,User
aarnholz22,kUAPjPw,User
gcardenoza23,5ZcE0RHBQ9,User
ecrady24,FHqAai,User
ghartwell25,n2bkvL3,User
cremmer26,GgTSFrB,User
ehaggath27,zuUyWp6NG1,User
mohickey28,1XtbJW7FeWDM,User
atriplett29,ZH8Jse9Oj8,User
jkarlmann2a,4yvSK03EZnEf,User
csheepy2b,GY5dbQdyd,User
lties2c,JFnMXjO,User
egoane2d,bxMj7H,User
cgash2e,iFEVtz,User
bnewson2f,P7F33MXcrJL9,User
mmayers2g,NvoWC9c1,User
cmartinat2h,IQvjrczF,User
mthayre2i,FjSmpqmMjD,User
cnaldrett2j,yFeR6PhnZ,User
jbissiker2k,Xhqpl1fBuBYW,User
osutch2l,9Oo1FUmMq,User
cdodshun2m,LRWOHc0,User
nstillman2n,99xs1TDb,User
rraden2o,VXzSeS8dwo,User
jdodsworth2p,41wcptwMd,User
mmountcastle2q,OlJwBGK1O9,User
kkitteman2r,aJnjbZ,User
fsoutheran2s,19kw3fS,User
enowell2t,QbiSezyc,User
sterbruggen2u,teLgxoP9,User
bfoyston2v,kwZmQM,User
vohalleghane2w,UDkCF56F,User
skennett2x,alha8RnfkWpq,User
jseamark2y,nL0PllpNL,User
kfilippo2z,UTpnSJJ3SS,User
pbrind30,Nz9UxQT5,User
mnekrews31,bQQymWL,User
raloshikin32,O9IuDOJsh75S,User
cmitchenson33,eWMktq2,User
anoli34,skRJQrrcz,User
hcrate35,uLHZLKe,User
lsoames36,PMJ4epAxcwg,User
amccaughran37,mCwnV6KB,User
rhiggen38,UFh5RtGl5AE5,User
thellier39,jFI7SmOMxuR,User
mbenezeit3a,dOH5Ov4D,User
jpenquet3b,UFkXRauyi9,User
vcawcutt3c,bOdBCpGSSa,User
cslide3d,TTQkYw,User
rwroath3e,mwJLutJa,User
gcarnegie3f,CF4zPYR,User
wohagerty3g,52ejKV,User
msearchfield3h,Ko2e5KR,User
hcranch3i,7EWJ1CMPw54,User
smasurel3j,j4j2UF2cLpG,User
aattoc3k,kClIdG,User
idwane3l,mMWlv1du,User
bedgecumbe3m,LMtyeRGkE2EB,User
tmerill3n,MHn0H3f,User
hbampforth3o,vlTGhgaor,User
acolin3p,fKY41p,User
lkave3q,Vsh6I82F,User
wfolder3r,q9HuwT7bH,User
mpothbury3s,cf7KND,User
dheintzsch3t,SJ595dX,User
vextill3u,P4zMzAik,User
aburchfield3v,2L4eFFUf1AeE,User
jakam3w,0IJGVsWD4er,User
lliversedge3x,Ffo9uLkbr,User
kgenese3y,iVjAse2FJy,User
bdreye3z,HWoh1rjs,User
lleguin40,CVg3vPKY2fI,User
ecanty41,fd4bzoeJu5UQ,User
kgiddens42,XCNcn4CufV,User
anathon43,D3Zxia,User
odelgaty44,ruB3IQd9,User
mmcgiffin45,7AeCjk0G,User
kliddiatt46,3Ckf9EXjHV,User
frichardot47,QNcKIdV9,User
ahateley48,Vcd7zkhxxJe5,User
fsalla49,c3NLzZf7,User
mpetasch4a,13ahiWGnM3ZE,User
ssmoote4b,zaum82UkZKdz,User
tmquhan4c,mOM6VD,User
apariso4d,RzSxvUG8GPVc,User
afilon4e,gyFclYjEqo,User
cgalliford4f,hj6RSrSelb7,User
jcaplin4g,7UO4PcD0,User
ccerie4h,3oVERbBSMP3y,User
spurchase4i,bubWwrL2,User
cguiduzzi4j,YXxyS4Ks,User
cstothart4k,xD0woyPx,User
candrick4l,BxD1cyNDcIL4,User
bcastelain4m,jqWzY8YtT,User
syea4n,81cLgJaWS,User
btowey4o,v8aJ0WnkRt,User
fgolborn4p,zPmyVPLK,User
bwabe4q,AkeDSt,User
rmaciak4r,B41bp6XIpSf,User
vdalessandro4s,kNYagSmFqLpS,User
yclawley4t,EbyfKlKXGDxo,User
abertot4u,gpvoVL686L,User
abadini4v,ShwKvO,User
mdigg4w,Jtknl1VIX,User
sthornton4x,vVVXyv0x2,User
mtootal4y,I34wVTJ22O,User
livanchin4z,jLKONYLaD,User
sbwy50,UnIpusTy,User
qdohrmann51,yvvangwQrQih,User
kpavy52,QJO6IgM,User
mhagerty53,JBQ0WiM,User
gtrase54,bVbQqokEf,User
avanderweedenburg55,vZuB1AcKk,User
mcuthbert56,shCuSSp4,User
dolliff57,BEkV0SP,User
frourke58,ZT2M7fYT,User
mshillinglaw59,MNwtu5n,User
cbullock5a,93pblQoZ,User
idarkins5b,7zZ5bju1gKx,User
bdomelaw5c,QMTvqlj0o9q,User
egliddon5d,fZYCQA9,User
wbouldstridge5e,e9kcEn5JDTo4,User
fghelarducci5f,RHrGsq,User
ebasson5g,hwWVw8RIkgc,User
rcrowder5h,Oh9dEDNVxlw,User
lhughland5i,auMoAuHA6,User
apeacock5j,1MiEQ60qQ,User
stromans5k,vZi8ryETPiDW,User
bbrind5l,yfnnoh9zxa2,User
dhuyghe5m,5YQ6bgTeo,User
bcheng5n,xsD1nKX5EjO8,User
dlente5o,l3RR9QrGp,User
jcole5p,dBLcbJZNQX,User
rgianiello5q,5no8SY,User
asterman5r,Lehkehz,User
ggrieswood5s,sjTOtC,User
hlebreton5t,DWn18YN7eGP,User
wpalluschek5u,X5Pxhd0,User
mdavsley5v,ikX5VrW,User
ilevington5w,Klap8f4,User
tdenziloe5x,rnkz1dw,User
bsharpling5y,u5VnYV,User
dtawn5z,jU8tCd,User
dtills60,7FvXEMJ0x,User
ckenforth61,VhN4YteBOV9,User
mconring62,5Uf9sJENh3,User
spartleton63,gX4RXe,User
fmccleod64,Rx37sLu,User
sellison65,e4FKih,User
faysh66,ackjXgfi,User
cbridge67,xWWaumW,User
wcrome68,jLPgRdr,User
bcambden69,8Z4re543YSU,User
flobell6a,3pVkbVL,User
adanielut6b,AWKswzLus,User
jdoran6c,Y768tN9,User
alynes6d,7Sd7UROVeMA,User
hlouche6e,sC0lcLD,User
ltotman6f,nmVzpzV4QygG,User
gbaseggio6g,LxO22e,User
brapaport6h,vR55kKvn1qPl,User
cnudd6i,S0xF14a,User
iwyss6j,c32qvJk2LNq,User
gsaint6k,iaMHFyJPa8,User
hjeremaes6l,wZBiexKOB,User
jquinton6m,jzrLu9JGy,User
cmiddler6n,KCa1cj,User
abartczak6o,qdP5w0t,User
educhatel6p,zbR6t9e,User
lspottswood6q,r2CgHOe,User
ccordaroy6r,mFxKk1keBWe,User
rleonarde6s,Vs1Bb1mxee,User
mritson6t,gK4c5J,User
zmacfall6u,YaxPGT,User
vshallow6v,I6oOxl7t,User
mollin6w,z9uBWXPZ,User
hsivill6x,m74lCzt6,User
jterris6y,2NCukX,User
mperrin6z,8R4VMTi5g,User
lollivierre70,tQ2CIBwC08FY,User
slamborne71,DCqQ1w0,User
sduesberry72,wLsX1P7qo8l9,User
cmabbot73,eQ8BnLt7G,User
bwhiscard74,G070BQ,User
rellul75,zhMEWKLlUc,User
eislep76,RIgnuEfHKZCv,User
mromme77,JyxwUnTe,User
gmardle78,GEBQQ7PUJSE,User
spenhaligon79,D8rxABCKx,User
abuzzing7a,wLadziRg,User
mreade7b,QMBmLRgrG4,User
rmouland7c,yO63r8,User
ialbert7d,9TRBZzq,User
ohonnicott7e,ck452V0BIfJ,User
ekemmet7f,JRG4ktR4mLV,User
chlavecek7g,fFBL31,User
jbaguley7h,vx3wHH,User
dthomen7i,yPLN61Bi,User
rveelers7j,P2jnIWxF,User
hpurchon7k,G1DJ11bjbSaN,User
ehadlington7l,GreZZfboMF,User
mmacneachtain7m,HlOcXKkBhs,User
pmcgennis7n,Wkeulai3a,User
pschwant7o,hca9W1STBWSq,User
cpinsent7p,ptIX8gQ,User
bbrodeur7q,F0oCz1TagD,User
khatchett7r,xuy6XIF75,User
cbattison7s,Jj1vPeumol,User
pemmanueli7t,hrtbCe7Q,User
ntaw7u,xSC8NTz,User
ssainsbury7v,IvEEbbr650v,User
aconnachan7w,vCebXRYB,User
ebulstrode7x,2215AVv,User
tlinforth7y,xYrH94YQkf,User
jshoulders7z,w89u6tW,User
sstanluck80,LeecK4FdDnII,User
tissacov81,ayTGLP,User
lvidgen82,94dSqJPWQC,User
smatzkaitis83,svR2OLygkbm,User
mpottes84,0wBOJgzb,User
fleverich85,L1Gt5a,User
fflavelle86,WNlT4Glt,User
mbearham87,EY5fIId,User
slowrie88,nr1Ifm7N,User
ksmidmore89,Ikc6fweJpW,User
clibrey8a,NSrX62fQyd,User
gginnelly8b,rmNoQT3qRVso,User
jbustard8c,VE0xcdS9EG,User
ibartosinski8d,26yN5R,User
cstede8e,9K7AchoMZzCo,User
jrenoden8f,GtL94auV,User
ccroyser8g,F6ppe9a054yo,User
pcoucher8h,gQNHiDgbhVo,User
mdrover8i,UBWSrw6kl,User
snorthbridge8j,rywGsMw,User
walvares8k,rb7tKfWV7E6M,User
meady8l,oivQikle,User
tstidworthy8m,JkCdP2Rp56G7,User
jlankester8n,16mcZA3,User
dgiovanetti8o,LYK08aH9TT,User
sklimkov8p,q1KEFpj3,User
cbrobak8q,BrefwjjAK,User
dkareman8r,CIAvbw,User
saddionizio8s,uOxQGGq1AxX,User
mnewark8t,JfkvVGiHQn,User
kpiken8u,MBT3rO1,User
jdiack8v,388skg80iyQ,User
mweald8w,Bzu3Bb,User
jfeasey8x,KGlJXY,User
kcantor8y,6irwS2OQz,User
mnicklinson8z,8bB6IyqBr2,User
ahauck90,sJTvXY,User
mrockhill91,RHDtud,User
cquinnell92,bjplKR9C,User
pdawbery93,JnIZDTse,User
tgullefant94,GVcuRwSVTe8,User
ecoston95,DkPxjiHe,User
dhuws96,gKHHT8Bn,User
schevis97,IgyuU45vm,User
jdrysdell98,VvlYCXNg2bv,User
aferris99,NDiIslWEp,User
briggoll9a,PaqOLObXdB,User
ralldritt9b,MCvd8Q99G2Tm,User
efairclough9c,SlO6HiPqQgx7,User
nangove9d,iwWnKo1qAT,User
ecomiam9e,Gmt91bM7SELw,User
wspooner9f,8rFwwST,User
junwin9g,g7PXtd8I,User
rsambles9h,sGtiw0,User
cchaloner9i,3m1uWv6wbCT,User
fdelazenne9j,cmA5cjnQuR9,User
mstquentin9k,Pgjvs3aws,User
aladbrooke9l,kSqkHg12j8,User
dmeasen9m,kIWqAn,User
ccleife9n,EGug4las,User
mokenden9o,0LodvWIDfr,User
emanketell9p,I07A8rG,User
daikin9q,QSKXZUROMZ,User
gboyfield9r,561ldYi,User
cbartels9s,MY8oq5LZ,User
anowak9t,CpFTTC,User
mvonderempten9u,vVxfHaGfKHi,User
smccroft9v,1rYGAScSOV,User
rmathevet9w,FyL0eTUlK,User
msellman9x,Uzjrymub,User
tfrascone9y,G1QSlE,User
iuttridge9z,F8WnAWkOY,User
cpietrzyka0,zsfUZLC,User
mfilipczynskia1,9qrpEyl2vP,User
rpadghama2,vKRbJW,User
adelislea3,1aKFvA,User
sconduita4,np1022MwCXT,User
rwaddiea5,u2wSL2rSB,User
jearpea6,w8MoJSZpzIZH,User
sginnellya7,AzpMn9CL,User
sreedyhougha8,PDkHzH,User
dbellera9,Ypa5hlsD4,User
agillettaa,mgNxwaGKNRJ,User
mforresterab,oh8s3fwsn,User
fbottellac,zbSA16,User
dkiwitzad,OQfrzk4BJE,User
kmorae,lE7Ta4s,User
ngiraudotaf,oWh9bi,User
jkleinpeltzag,IxuyRL1u,User
rockendenah,gHo7RJfi8,User
jmarquisai,pnFVVDuHmh,User
bturmelaj,JYIyCcQ,User
vlembkeak,FL0CSYWOefo,User
nbrimmicombeal,ddrkLW5ggG,User
jsliteam,IqK7JeM,User
hmylesan,2gAq4jm,User
prembaudao,2pi8cQ,User
afeildap,aMGKY8,User
cpedelaq,NLI1MoMKWo,User
bmeldingar,3fqevdjWa,User
mmccreadieas,RJhNKK99,User
kbickfordat,9JnfC79hCFDZ,User
gyeldingau,QBYVLX,User
mwallbuttonav,z796rK38oqAo,User
mkerswellaw,StNAKm7v,User
rbaurerichax,exAyeBo,User
vmartlanday,5ykoNB5o,User
blebarraz,d8fR0PsOXs,User
mlevayb0,ZX5wzEvt7,User
blightollerb1,4SI77qU,User
breditb2,dcFRnaN13Z7t,User
chuertab3,3D83w9hnlabC,User
rscurreyb4,OrWmUZrJrT,User
tneesamb5,egl7c4N,User
ebaruchb6,bpmgv0doq,User
bballb7,KstlTRER,User
kgalbraethb8,uT5b2dpgxCLA,User
dboullerb9,JTEBhoAjjwI,User
bkrolikba,XEXztMM7,User
lholsteinbb,XkFFr9v,User
cgeffebc,AFxjuoFPWQl4,User
mbrigshawbd,yb39tKn3qh,User
kpinillabe,Y4tzs4nkRSzF,User
pbabarbf,jocT2laq,User
gshortcliffebg,fyhyf6YM,User
agrinyerbh,WrN1yQXRqB,User
lfairniebi,j3SUVscuEi,User
mriccioppobj,HORuu2PiQydU,User
tmcgaughaybk,CQMb71gF,User
kdungaybl,qOuTbwvU,User
tleiferbm,AhjzKT,User
hmeugensbn,vbxcmuqIta,User
dclaworthbo,3Of229,User
kkiehnltbp,RstBxIEMRSJk,User
alarriebq,m40yhuTc9fP0,User
jnundbr,fzCrPpzv,User
fdiemerbs,uT3NRfG,User
amagerbt,noGSvm,User
ihellmorebu,w7dIyydw,User
vdixsonbv,LJBMfLhkL0,User
jchurnbw,N8rS8QY,User
dmainlandbx,5TXHxvtqS,User
ndeverby,iYgGKRnX0UNx,User
lshercliffbz,EQFANSKQmw,User
vussherc0,YVtazh3fR1,User
cnuddec1,INDNehnCKjoO,User
cfirsbyc2,T2uwM6hMyt,User
alujanc3,dfBCe7,User
dwormleightonc4,bM7W9ML6D,User
mjagielloc5,budpwC5JdeM,User
pbolinc6,wPEb8vCsMJ6x,User
pcromblehomec7,7FqTtiw9umD,User
jloosleyc8,BTc0j0PnO6S,User
bdonettc9,jQ4Dsav,User
dclutterbuckca,GfOmRDQeAw,User
pparlourcb,LM8QfdAU,User
dcharlotcc,7TRnIlya8X3,User
acaytoncd,k6Af6KPX,User
bfansyce,RLlqXHvyHR,User
wscanlincf,lIESeS,User
ssleichtcg,qVUPLYwR,User
rveyseych,0RTGM1du,User
lfassonci,Lc80oW,User
fhayballcj,CxeJv6,User
bprattck,Fn3n0cUU9z50,User
ishollcl,K3n5jbn,User
mparmercm,Ttqt91Zg6S4,User
amccuaigcn,OTYZTu,User
pbonwellco,9jNzCnJ,User
jsalatinocp,JoeN2bQxWjLy,User
dlindegardcq,2Djm2DXv,User
meillescr,2zSiHFROI0Gm,User
dsimkacs,OrtAGpie,User
fimpsonct,9o0uWCwmUz7N,User
vbarkescu,YoQH4DZU,User
bmckinnoncv,hjzJqPNK,User
fcaccavalecw,fnXbquyB4iVX,User
ocarlozzicx,WnetEl0udFS,User
dlancashirecy,g3JihIHiw,User
rharvettcz,UAwo74fy,User
gfetherstond0,Sl5XohWMMn,User
lescalad1,v7zxD9ESsquP,User
tbeartd2,XAOPZ4YdygTM,User
bketteridged3,Czf8av8K,User
binsleyd4,ekYRIEO,User
asidesd5,PgznrrPb3,User
tmcallisterd6,31d77xJKfg,User
tmantond7,DajP6ez0Td,User
wscempd8,uGKO7vOM,User
ascotchbourouged9,zqEr6998,User
wvarleyda,OxPpd8nNCj,User
wbrycesondb,qrHLMhgtoOQ5,User
pwyllisdc,GHsnKn,User
pdunsterdd,bNIs2Y,User
acarlislede,JrByrpFN8DdO,User
cgheeorghiedf,vMb9pH,User
lgrinishindg,vJCxaTZTqsK,User
bhowisondh,bS3FWWW,User
rhubberdi,JFXLG4o4pm,User
cshallikerdj,tFdxKWX,User
criddledk,gszCZj5ZGAF,User
hkeelerdl,awTjYb,User
bfranzmandm,euW1fbP,User
ipischoffdn,21wbPoo,User
atredgerdo,o5CywB,User
megelldp,2ouhIH,User
rlewerdq,uZhiYYxzhVr,User
mgilhooldr,Q92Xz9Xx4kd,User
jwhitcombeds,vACSyyt,User
gandrettidt,weYw0Dcqf,User
mgotherdu,v2Q62YPF,User
cgoodydv,fLxSW62EFk,User
tbaserdw,omlZ17nc,User
pduckittdx,OZlkTR4,User
hdhennindy,YZZdhsRJ,User
msomerscalesdz,J1xFEbrt,User
frillstonee0,EiurpD4nI6JZ,User
tguione1,3Y7EI7iS,User
akamienskie2,FBSs5x,User
kkneathe3,uSXkVvSUkss,User
mpatchinge4,AFRzwHkY,User
fwoodroofee5,pPuUzfR,User
macee6,6CuirDghv,User
mdaniellie7,6qFLBPB,User
egillioe8,4WLYMCuCyLvJ,User
ltyase9,vIzyo7C06QgC,User
kmarquotea,MnJJwjW,User
cthomanneb,321E5Yg,User
glindoresec,e6ypMqvo,User
cpaschkeed,YddgqYyys8,User
hcourtonneee,wM2ur7Crw,User
iiskovef,Pz0UdK,User
mbartoleyneg,aFlDPn,User
gmaccaigeh,rW2Yb3GnljH,User
cshanahanei,7Eo9OJi,User
canderssonej,IluVYSfgdI6,User
kcabbellek,OYW4UNxylK,User
sswordel,SY79xW0fHd,User
ppinnionem,mYBbbGR,User
pseadonen,v62KHh,User
lfrancescheo,n7GiqGWiv,User
mseabertep,VYSzu9,User
irostoneq,OhG2G9deQ,User
lmasoer,Zx4fQjrDJhD,User
jginnalyes,REssJji,User
lheamuset,mqGe4Le,User
rkerblereu,WGVVQEO0v2I,User
lshuardev,gKDTR3BVx,User
mnajafianew,i4s3LHDC1,User
tmcconnachieex,h8oCS1MC,User
pwhittleseeey,u1laOqHtMtE,User
baryez,qJZcNQO,User
dmathevetf0,yWYfbNERSe7I,User
aprobbingsf1,rXt7F6423D,User
clovelacef2,36jtM5,User
larmerf3,5or0115FU4,User
aatkinsonf4,bf8rRCvmVb7,User
edummettf5,Y3kldEeA,User
akleinholzf6,QdaOwez4eT9B,User
gcrepinf7,Bkj2hkR4S5Fj,User
ksertinf8,mMHYFt0qvV,User
ggrossierf9,KetKpjUr,User
arobardeyfa,NColNLn,User
eislesfb,uJdR5Kxg,User
tkendalfc,9OKIxcj,User
abraileyfd,hriGcs4zruAk,User
pgregoracefe,DN8bo9PcT,User
pcoppenhallff,HbvZcQf,User
aburnelfg,8kroaAL2ktA,User
nrathbournefh,LpymORdR0lvO,User
lbenjaminfi,igKpFCuiXDuv,User
mhosburnfj,1loFYwdHbyX,User
aargontfk,NRfzWt9ZCF,User
rminerdofl,4wXjkHFeH,User
lbursellfm,Y8IbL9Rd,User
ddellabbatefn,8jZ6fm,User
talejandrifo,22fXSoEXl,User
kforrestillfp,iYjwd72,User
eloydfq,dVwGdS,User
cdemeltfr,ilviR9jGopha,User
mmawdfs,0S5LMJsyuY,User
lstedsonft,lZRWAB,User
caslamfu,Co4jjLxn,User
btatlowfv,jpiLs7F,User
lcarmofw,MQzYFppfL,User
vwolfendalefx,LzRdzf,User
dkernerfy,Hj3cuZ1OCg,User
bmakeswellfz,uZrm7Ox7,User
cskaifeg0,FRmGL0Vv,User
clivingstoneg1,qSmvbE7uRJu,User
lslemmondsg2,y12bVK,User
nechalieg3,ikVJreHj9,User
aloacheg4,xAJ6lCx,User
fbratteng5,2zw2aAlWbLr0,User
ffennersg6,6Tj8f1uOr7b,User
kfraulog7,81dHUE,User
ofenderg8,MdVKIWYkQ,User
doliverasg9,TFEsJ908m8VR,User
rwhittierga,pzAr0ZngYY3v,User
mbrownellgb,J0c441O,User
dturfittgc,NOyWWwW,User
lraysdalegd,NYb4yG7U666,User
rjouhange,1ytr6vtmRNwB,User
wweinhamgf,Kj8obmId69V,User
shawickgg,Tk4ewDw9HGmD,User
cbickgh,9hSu51pARh3,User
asalvatigi,9uv3MG,User
bstaynesgj,Tbe17t4yZ,User
wivaningk,r6HJgA8,User
mesmeadgl,S1vrqZ9Z,User
jtoffulgm,HjM2ICdP5on,User
cpetticrowgn,ZapdedcFC,User
dwittmango,ntzjnzI2Eyn,User
jsilverwoodgp,nuIyN1IX,User
rhaborngq,9kY6yxg,User
ohourstangr,nIPixdE629,User
hderellgs,tlVbpTMo9Opr,User
jsuddockgt,YVdjt2VVoFj,User
nvitetgu,BZAZufC,User
brogerongv,KX1xBIb,User
wgonnelygw,hclDtxIO,User
stumeltygx,VVfIBOp,User
pbriffettgy,MEdrcGYPDT,User
pdouthwaitegz,ak7uq0hfAIun,User
vlakentonh0,nI4i93AuXZq5,User
jberardth1,GtMA9MGzpN,User
bfundellh2,vfN0ZN9iRR,User
abarrath3,1ZsOwxjbc8gZ,User
bhalberth4,M1QWk2LYF,User
hverdeyh5,q8Up4EAyYG,User
cvidelerh6,eAi5ktvJX,User
gcarrivickh7,msLfXpR,User
mjeacockeh8,5ZsyuAwqdzZl,User
lheugelh9,Vcbia7zU,User
gbockmanha,Pk1xp369,User
maronovichhb,nU9YmUl,User
fgiannazzohc,zMqDeYLsX4K,User
ldanilchevhd,qPrQA09Ugfk,User
bisseleehe,6vrD0n5JN,User
bkubickihf,VcvgBNzHu6,User
jseeberthg,3pc9tCzWA0u,User
cchiplinhh,QhfRpWLv,User
gtwopennyhi,xnuVhhyIfU09,User
ladamsenhj,kBZnCAU,User
saskiehk,glN2bExBjR,User
mdimmerhl,CrI48zeR,User
pthickhm,EcsYh3mfmv,User
spitfordhn,1H4m9vg,User
dwasielewiczho,1PrrCB46rMv,User
mcantohp,OnhfcVN0d,User
rmenaulthq,NSSeNfmy2,User
sduggethr,bu3HoTo,User
gthickhs,irrTwP,User
dmacauleyht,zUGrT1Jx,User
fschirachhu,h1xDrs6,User
pmunnionhv,8jSik6,User
trudkinhw,d5CtOkw,User
kweldenhx,JxofmTwD,User
ssmewinghy,yvCKvpA3rhcc,User
fallchornhz,NQ2F2V1Ko,User
kkibardi0,j3xLDRkbSN,User
lferrei1,q30TG6ll,User
dmateescui2,AZt8CIX,User
rsamuelsi3,hcim7DY886Yc,User
bgenneyi4,9OAuHOoJu3,User
ctodeoi5,Odt7lLb7O,User
slefranki6,Usy8gguea,User
abroydi7,cMXZqom,User
movershotti8,5pZmfk6JrqJU,User
mtriggi9,6XC7Rh,User
cnorhenyia,f8I5UGr,User
mriggeyib,GwTy4Tt7,User
kotridgeic,tKb0TK9,User
dblazyid,jmNIhk90,User
bjebbie,viVlh85EyxKG,User
jtunnahif,IBvMbvQT5hn,User
rmatisig,LxtNU7qyVyma,User
obuyih,2Inl1YDblc,User
dphizackerlyii,4XpnOD,User
jjewellij,mcEqytcqeO,User
bvasyaninik,plSgDcvWcdD3,User
lthrippil,llzdFyn4Tatn,User
mwinstonim,vtn7ax2s,User
scherrettin,Osi3naQHi8,User
bboutwellio,Laaril,User
sfrottonip,s8lhgXr,User
gyoudelliq,tAGQbGj,User
mgomerir,iF75mwytW03,User
aduckfieldis,o8whlljZh,User
dhenriquetit,T7eU8rlecK7,User
llorkiniu,WIdI8UCB5XX,User
ctuttoniv,zwHytbEaDy3,User
apeoplesiw,f90qZX,User
cwitcombeix,spXZ0z1WX,User
cspringeriy,7PFRTMsJQhoB,User
cbrandtiz,we7Gs6Lcyf,User
pmatisoffj0,4LVRdI,User
avarnesj1,q9P6tR6QYpK,User
etunnj2,c4Sp1qbdr,User
meadmeadesj3,Wdq4lfQau,User
druanej4,euz2MWe1,User
tmallinderj5,JjRDJNpIQ,User
jsaddj6,SVmdfwMMqpq,User
mbiddyj7,1bRp3JG4,User
pgatusj8,4xjLuWNiR,User
jcargenj9,UPk08inRkE,User
wcollidgeja,pEzfuIF,User
showlingsjb,J9kaOGo1B,User
smallordjc,4uu8NbdosEb,User
cinsalljd,zb2rzSfFG,User
bhestropje,fXCJ0AHD3Me,User
moverlowjf,SoI0nE,User
adenidgejg,gwYGZ8zeui,User
lbloorjh,xCE9EReh5Q,User
rjeuneji,paHyXzRWDHx,User
ckillingsworthjj,NCdQT0,User
jalgarjk,Qwu3Tqax,User
krowantreejl,M3JDpn,User
edietonjm,58SOravEb,User
frichesjn,G2BTuLMF1Q,User
vhodgetsjo,ZfUaqXhtnR,User
dbryettjp,qRODAY,User
eriddlesdenjq,plOZwR9J3,User
fstandingjr,I7EUyYh,User
hungererjs,Ck938wB,User
ajuggingsjt,fU2BIAFYkO,User
hewbankju,zgxiMagJ,User
cbehrjv,Eu8sple,User
fhamlyjw,da6R4kIb,User
cscoulerjx,N3SSUofO,User
bdymickjy,lqS3vJH38S,User
cartoisjz,uwquxuCfGX,User
sprinnk0,qsPeuWIvd,User
ymceneryk1,HvROLuhlC7P,User
rshattockk2,pQv3Fc9YU,User
lrudsdellk3,UBxRogPpuDPY,User
jchittockk4,lYtI0j4UsB,User
wprantlk5,Xh8ZxVkSDoaP,User
gzanollik6,Ut8mdcnZ,User
cvalentinek7,KUNknpx,User
pwrathmallk8,YBc5KnGm,User
egeibelk9,XCGT6QBCg,User
aritchingska,RsgLW03trxn,User
radgerkb,e6b7gSF6,User
fquoitkc,SIrDMRKM,User
klivardkd,RkYjTYsh,User
gsussemske,aloAGZ2,User
dphizackarleykf,NEBoQFe1,User
dkissickkg,Xq5RahxES4E,User
mbuglarkh,lkVlWFpm,User
felvidgeki,FMWHiZqasS,User
lclardgekj,lcXdEKSFjZO,User
yjennionskk,nHCjL9n,User
csemperkl,8y4NvjY55S,User
ustanyforthkm,4CotZtYXGE,User
jossultonkn,Q1UuTl7oK1,User
slavallinko,fE3fclB,User
bshortlandkp,GQLC61cPIIpQ,User
cmauntonkq,W5OcQg1,User
cskittlekr,4C5uIri,User
schilesks,ND640i,User
cwoodroofkt,0d3tKRi,User
rsamwyseku,ps14LR0lvLEm,User
aandraultkv,93DpaH12ky,User
shawkinskw,cf4hq0Aa,User
rbuckthorpkx,f2Vxy3C8Nrsz,User
cstarkingsky,U9UAzddPvElR,User
jsalmondkz,iEJfd2O,User
glaperel0,rHG5pVC,User
xhynaml1,zgKUjcdu,User
nswainl2,HcoNKNkMW,User
jwilcocksl3,I4wUANVNWS7p,User
chutcheonsl4,GDsjLV9J3c,User
bleekl5,EXBnLY8dzUPC,User
rbicknelll6,pMDOWEyltb,User
mmuldowniel7,QE5kEoGJRZ,User
lburgynl8,UdI5pTgI9y,User
owiltshawl9,wDNGuebC,User
itolumellola,1Fl4ij78zS,User
awasylkiewiczlb,uVN4Mpm2BDC,User
ijeppslc,G5MMBMFk,User
dgaberld,tl0L3rsmj,User
cglaisterle,7Yvv26skJj,User
mharsneplf,P4a0iO3OWjJv,User
cgorvettelg,mcl4I2m,User
wkuhnertlh,P00EWSQU,User
gcammli,5uLLXVQrZRi,User
jtrayslj,3ZOgv2,User
aashfulllk,jlKLF46Ei6z,User
jslaughterll,2erxeJM5h6v8,User
feakleylm,5BbeRb2kkH,User
plimmerln,rOnDapLB06,User
khughesdonlo,ugw8h6Qovwr,User
abresmanlp,l01PaC5Uu7h,User
doheaneylq,UPZcGtcww2w,User
jhartinlr,VJoDFt7reOxq,User
cmantlels,zuyPRgCc8,User
skirdschlt,Jubdntdh,User
gwellumlu,34p5h2GAT,User
bbrimelowlv,0mTwvCy3Kr,User
hferrerilw,vo0FeY71e,User
rkennardlx,CLIMvC,User
sdubbinly,hK8jSCnndP6,User
gpendrelz,W6rIezR,User
rhanhardm0,8xpKlw,User
jdennertm1,TzYcSsD,User
ostaniforthm2,lcrxIIQOrlE,User
kgreenmanm3,h221iRjd4al,User
sdroverm4,BqD5NWHOoEN,User
cmclernonm5,liH33Z0lS,User
acogswellm6,fKcOHtuJD,User
cbeneytom7,THJDq4Y,User
bleedesm8,QKUsL7ikR,User
dcampaignem9,FFE919oe8CW5,User
ggornerma,5oNyVT73zJ,User
nharsmb,LhivxH,User
spercevalmc,NT6OCMZ2snPG,User
sconneelymd,AOBTWzNGW1,User
ilebbonme,CthgxjPFm,User
hpockmf,hasjWTffefce,User
emichelmg,at5JK60,User
tbirtmh,CHwetM6,User
tduesburymi,DuiOlK5,User
gshatfordmj,bAEnLX,User
fduffermk,rupjaOKOhvG,User
lleguayml,OooWjRuCX,User
plarrawaymm,qjzaiXH60,User
ccrowdenmn,CrcLvB126,User
clembckemo,3Qhjzvcke,User
dstruanmp,JTNUk0pOtID,User
tgasnellmq,SrfePTKPz4,User
fharsantmr,0R3oMIKvu5,User
npayfootms,MtF2Rl3Qni5n,User
fweylandmt,OcjSKGxJjcb,User
hmacbarronmu,B1aoY8GTR,User
qforganmv,PI3MYx7aA,User
jredbornmw,C9BvSZy,User
ajodrellecmx,aEeTcTWc5Z,User
emckearnenmy,3bNRsR,User
abrecknockmz,9Ijp1ktL3,User
fhadnyn0,ENUPLWtdx6nk,User
jmelettin1,wNQmjbg6,User
kfaircliffen2,i3E6fNLPA,User
jdeamayan3,iS5Kcdzhhku5,User
asummerelln4,LAJJTZnz6aDR,User
npygottn5,nI0gp0BcTAOq,User
vrudeforthn6,5RbSzCxrUPc,User
npysonn7,JUI2uyPA,User
arockalln8,ts5njDcGuGc,User
mlascellesn9,bMgUsaY0YbT,User
afinnanna,HspbDbxzd3v,User
sstrewthernb,8eDX9fd6HEi,User
abrandsnc,NwiTsOeY,User
ypolinond,T3cg57PwI,User
lmozzinine,fm8vF3kUx,User
ebearnnf,RLUlanaBjz2U,User
clickessng,VMTegn,User
bwiddowesnh,wJTyxDMFDyUy,User
hmcgloneni,bO2DFkQCQF2X,User
akavanaghnj,6S4hT7Zb,User
fdumphriesnk,v8vGCJ8Ikxs,User
gcrumbienl,quncT0,User
wbazirenm,MUNsAS16,User
ccarbrynn,iqpz7zOP,User
bkeddyno,CxA743yk,User
agullennp,mWQkNG1PQ,User
kgabbettnq,uyvgXE,User
bslattennr,wpV6Lt,User
bjanmanns,HpCOMdboC,User
abenyannt,uPrrSpkxR,User
fkurtennu,47WNyYTbYa7J,User
amiebesnv,nWyq5XAZj,User
eplaxtonnw,IoUemnG,User
pgarritnx,XdRJ0M,User
esauterny,wR1aaNjww,User
cdurdlenz,sTu1PnX99,User
ceggerso0,h2fe2BXer,User
dmuxworthyo1,4gKI7Erzo8,User
bdumbaro2,ED1QMN,User
cmurtimero3,Pdw8K3,User
rpignono4,8W71BFh35,User
rdonnelo5,cTWCHT,User
achoppino6,O5rI63yHf,User
ikiggelo7,gibKrVB4,User
nnorcliffeo8,TlPhCWBXqUf,User
sleaveso9,5Whx0giR,User
ogreceoa,FAqCIH,User
lottewellob,Bsa9rzDy,User
tfeechanoc,NfTmA9UYgj,User
gfrankesod,u1MR4MAEe8,User
cideoe,9exLnB4,User
mwhinneyof,04QVdZc12R,User
bdensunog,QUgteNO,User
otarryoh,nP5XYiXRkT,User
fstraneooi,4ih0M2G06OkG,User
aaucourteoj,PjkuAqI4O0vj,User
lfinlatorok,ONrJvu,User
rdunstoneol,UkoSE20fsb,User
ccruikshanksom,IvQJtBPS7A,User
dmarcombeon,vZDOve9Cn,User
dlegeroo,ya7uO8k,User
rportamop,mEJpVmLOSM,User
jmcphilipoq,pdgnbf,User
mhathwayor,MJo7nXARKI3r,User
awimpressos,eUpJfNnVqCSd,User
ahalliganot,8qJuF7jN,User
vzamorranoou,EYh1CRQsf7,User
mhruskaov,Vzi1RAM,User
tbynoldow,5sME0yMQhQA,User
mkimblyox,Ie2ppSbcB,User
squeenboroughoy,dI8Xf5ofHM,User
ppettersoz,yQaZEWO,User
qdykep0,3nIZ9etf,User
shobbenp1,mzpAzHvGeX,User
kfishpondp2,CsYgokV7b,User
jhellikerp3,dL4gvM,User
ljoriop4,E415d4A,User
rspilsteadp5,hjnqLW5Bz,User
vcollinghamp6,8ma24qVQUrP,User
ocominop7,7O3Td6HRv2W,User
dhuntallp8,is5xwzR0DYZm,User
lgeipelp9,XWIrYDtLc2G,User
nharringtonpa,RUeP3MHAL,User
iviantpb,tyS89zDpw,User
kseamerpc,9u6Hnc,User
tkubatpd,qFoU3dW7d,User
dseldonpe,Uv5oNN,User
aboyackpf,I0FLr1,User
sclercpg,Jbh8rIapfW7c,User
bgosdenph,QYL5DB,User
kmuriepi,iGUDti1tgni,User
aklynpj,04N5SBbr5n,User
grosenbergpk,tQK11DYGCQtn,User
dpitrassopl,fvQs6ZO,User
spervewpm,RxU2lj5s9P,User
wmagorpn,k4Gw7jb5t,User
tgrenfellpo,322jCY7,User
tnapthinepp,lDOu8bgb,User
aalabasterpq,BN0ILz5Ym,User
dbulfootpr,iCRYNZ,User
bjouannyps,FzUxHS4h,User
aracept,ou0Yc1fS,User
blorenzopu,RAr9wOED,User
ppurtellpv,azY3817eekW,User
awaddilovepw,aoNifdBIF,User
bkeppelpx,yOY52c1cXVB,User
bbeaumanpy,4Bg5K2zX4R,User
areddypz,GFpSNvnP,User
esymesq0,jeY8TIUq0h,User
bdenisyukq1,tLNmkz,User
nbuxsyq2,Xb8ZPzwA,User
hkubickaq3,Md26Q7l0szk,User
kcowdreyq4,nM0szzCHK0lq,User
avecardq5,Cn7rJ52oT,User
rleateq6,3r6rvd,User
bsharmaq7,OpYrBVcvB,User
vchamq8,maTnXXu,User
cdeverockq9,kzuUm7KDh9,User
lrosenthalerqa,DLDaU5,User
iconnechyqb,8jX0RaJ,User
aantoniewskiqc,ez5kGPlKS40,User
dvellacottqd,a2ckxdK0,User
dkitchingqe,1iZa43XtNa,User
rmcsaulqf,YvewR7,User
askeermorqg,eZhusvhXbE,User
bsilkstonqh,zbP2tOUYB,User
tdanzelmanqi,O0etaSejikH,User
iulrikqj,jCUfGY,User
kcicuttoqk,fbdYvZU7,User
bgellandql,IpNR3HJaX,User
kshoppeeqm,vqDUCWen3VPX,User
hsaltsbergqn,iC3WA8,User
hfaustinqo,B8gHk7hb,User
lmcilhoneqp,j5U6k81IK3Y,User
cdulakeqq,9Kquaas2DZ3,User
ddeppenqr,kfsvW26bKw,User
lamsbergerqs,geJce8UJ1,User
gpluesqt,xQuVdN5R,User
dniavequ,AaqVlhX6cV,User
lfieldsqv,qM1e6bUA6,User
jreddanqw,HLiqGy1t6AH,User
atwopennyqx,6lJ7MiaKQJd,User
dtinceyqy,KfEoxKUK51m,User
ochasmarqz,OgxBCik6ba,User
lhesser0,EeUzy11t,User
gmassingberdr1,Dpaf1lDHv,User
olazarr2,kotq05s,User
mhalletr3,xu2T4q0,User
kturfsr4,bTLEZd6yx0,User
wfulleylover5,aBbUmzSOSZH,User
tpoetzr6,7YwpdWZr0oP6,User
rcrutchfieldr7,iwknBLRsCFNQ,User
mgillesonr8,ZLfyxgFEC,User
fprickettr9,OkvddY,User
sboyfordra,U6teuJqv,User
vwithamsrb,ssCr049Nqs,User
mcrayrc,XvhU9uXv3zo,User
starbornrd,jLZWus1tM,User
pmccarlyre,R8JGwBI,User
lbackerf,lwF9uGTSMbA,User
ctebbettrg,y2AvdA,User
tledfordrh,4adtuUQ7uCz,User
rgeelyri,ObAyMT,User
lbiscorj,O7hqo1ihiB,User
atwintermanrk,nknCbAE,User
smoiseyrl,BO7c73iBA,User
bsegorm,vydkJv1CyN,User
ltelferrn,YIhuF1Xvk6U,User
dwalklettro,5CA4az,User
tmablyrp,nGH8VDU7je,User
rprobatrq,G3cBvSkG6,User
vpoytressrr,xCW7NeIyXMUm,User
