Admin_ID,First_name,Last_name,Email,Phone_number,Office_Location,Managing_Sport_ID,username
1,Lalo,Mounfield,lmounfield0@home.pl,627-238-6613,6 Mcguire Avenue,10,dhussy0
2,Helsa,Petow,hpetow1@squarespace.com,323-869-8613,20 Vera Parkway,7,dwraxall1
3,Virginia,Lyles,vlyles2@un.org,209-778-4226,841 Cambridge Parkway,10,creyson2
4,Chevalier,Dwyr,cdwyr3@deliciousdays.com,481-539-2266,14989 Glendale Street,3,abourtoumieux3
5,Althea,Powton,apowton4@feedburner.com,604-651-1059,478 Lakeland Crossing,7,lghilardini4
6,Beryle,Gresch,bgresch5@umich.edu,321-203-0328,7855 Swallow Crossing,2,ativnan5
7,Annecorinne,O'Cuddie,aocuddie6@livejournal.com,120-455-3594,211 Cascade Trail,12,tchittock6
8,Rubetta,Pregel,rpregel7@dion.ne.jp,334-958-8293,78 Mcbride Lane,6,swilloughby7
9,Tessie,Packington,tpackington8@youku.com,949-554-6909,713 Packers Crossing,9,arisebarer8
10,Cairistiona,Meininking,cmeininking9@typepad.com,523-349-4385,92 Milwaukee Crossing,8,rkerrane9
11,Nesta,Pillinger,npillingera@wordpress.com,310-185-9961,62239 Chive Hill,3,bbrinkmana
12,Morrie,Mibourne,mmibourneb@mac.com,612-900-5444,17 Armistice Hill,11,wbrewertonb
13,Meghan,Keysel,mkeyselc@geocities.com,438-488-0220,2 Rutledge Alley,1,gstorchc
14,Lishe,Tellenbach,ltellenbachd@sohu.com,675-892-0285,776 Sheridan Hill,9,mdigbyd
15,Ced,Semiras,csemirase@bandcamp.com,947-582-4269,30134 Annamark Place,7,fferrilloe
16,Michaella,Guerriero,mguerrierof@indiatimes.com,139-504-4788,5 Caliangt Pass,5,pstegellf
17,Twyla,McGonnell,tmcgonnellg@dion.ne.jp,477-823-7534,65466 Rutledge Crossing,3,azywickig
18,Jobey,Vellden,jvelldenh@huffingtonpost.com,543-197-0130,56 Buena Vista Terrace,1,akerslakeh
19,Indira,Lightbourn,ilightbourni@cisco.com,384-696-3953,69610 Calypso Alley,6,ghalbordi
20,Alexandr,Dinan,adinanj@delicious.com,140-656-9308,98 Drewry Junction,4,dhaslewoodj
